order_id,customer_name,product,quantity,unit_price,order_date
1001,Leila,Lincoln,3,28114,2025-01-09
,Ranna,Isuzu,4,12801,
1003,Margarete,Mazda,9,16058,
1004,Franzen,Jeep,6,23892,2025-10-04
,Prentice,Mitsubishi,6,15834,
1006,Prescott,Ford,9,16010,2025-09-30
1007,Derk,Honda,4,22296,2025-05-08
1008,Demetri,GMC,6,25051,2025-03-11
1009,Tymon,Mercedes-Benz,1,20656,
,Marilin,Kia,3,26862,2025-08-03
,Evin,Infiniti,10,11194,2025-06-12
1012,Ofelia,Shelby,9,11279,2025-07-16
1013,Obediah,Ford,7,17804,
1014,Cymbre,Dodge,5,11322,
,Tedi,Suzuki,7,19423,2025-08-18
1016,Myrtia,Audi,2,28904,2025-06-19
1017,Chuck,Mitsubishi,7,26595,2025-03-06
1018,Floria,Kia,3,15884,
1019,Darsie,Maybach,6,19542,2025-10-10
1020,Kristian,Land Rover,,10332,2025-10-22
1021,Catherine,Lotus,7,22864,2025-07-23
1022,Danni,BMW,2,12711,2025-05-15
,Kassie,Mitsubishi,7,10761,
,Della,Chevrolet,10,18771,2025-06-01
1025,Darby,Pontiac,5,17585,2025-10-12
1026,Danyelle,,1,16113,
1027,Bobbette,Lexus,10,24349,2025-04-04
1028,Cam,Nissan,,17259,2025-08-15
1029,Rowe,,10,23093,2025-01-17
1030,Gibbie,Isuzu,7,30000,2025-07-24
1031,Ruben,Buick,9,25726,
1032,Nicolle,Dodge,5,18872,2025-10-12
1033,Coraline,Cadillac,9,11533,
1034,Arden,Land Rover,1,18383,2025-10-10
1035,Forrest,GMC,1,19366,
1036,Nesta,GMC,9,26062,2025-08-06
1037,Fiona,Buick,7,25605,2025-01-25
1038,Rorie,Chevrolet,3,16496,2025-01-14
,Ramona,Subaru,5,26552,2025-05-17
1040,Gerri,Isuzu,8,14631,2025-08-29
1041,Mario,,9,23458,2025-02-25
,Stacy,Volkswagen,10,23071,2025-09-10
1043,Karee,GMC,6,23642,
1044,Amory,Audi,1,28559,2025-07-02
1045,Jasper,Subaru,8,14275,2025-08-05
,Dorene,Chrysler,6,29456,2025-08-16
,Carlynn,Volkswagen,,16303,2025-08-23
1048,Cyndie,Volvo,8,21052,
1049,Ingra,Saturn,1,11753,
1050,Braden,,9,13063,2025-04-29
1051,Syman,Chrysler,10,14814,
,Pip,,9,14386,2025-02-02
1053,Ernaline,Buick,2,17344,2025-04-19
,Orlando,Buick,8,25429,
1055,Rayner,Hyundai,4,24415,2025-01-26
1056,Mavra,Buick,5,15760,
1057,Christos,Ford,7,18428,2025-07-07
,Findley,Buick,7,28733,
,Obie,Chevrolet,1,12715,2025-06-24
1060,Viole,Toyota,7,26780,
1061,Maureene,Ford,1,20783,2025-03-04
1062,Tann,Ford,4,18593,2025-01-30
1063,Jandy,Ford,9,20391,2025-05-22
1064,Travis,Chevrolet,6,24105,
1065,Melinda,Pontiac,10,25852,2025-01-16
1066,Bibbye,Mitsubishi,,29071,
1067,Maje,Oldsmobile,10,23914,
,Kimbra,Audi,3,17712,
1069,Bernita,Jaguar,8,10950,2025-06-08
1070,Alastair,Nissan,9,27215,2025-05-30
1071,Bear,,8,19121,2025-04-25
1072,Taffy,Audi,6,17006,
1073,Glenna,GMC,10,19736,2025-05-22
1074,Vlad,Nissan,6,26218,
1075,Elaina,Toyota,3,17836,2025-10-22
1076,Emalee,Hyundai,5,25666,2025-06-05
1077,Carri,Chevrolet,1,16769,
,Isiahi,Ford,6,19442,2025-09-30
,Freemon,Mitsubishi,6,23617,2025-05-25
1080,Annora,Volkswagen,1,13759,
1081,Shannon,,3,17214,2025-10-18
1082,Ginevra,Ford,2,18846,
1083,Kean,Mitsubishi,3,17769,2025-07-24
,Clarey,Mercury,9,25586,2025-05-21
,Darbee,Jeep,4,11083,2025-09-30
1086,Rock,Suzuki,10,13071,2025-08-19
1087,Meara,Volkswagen,3,24391,
1088,Sheeree,Lexus,4,21488,
,Ferdie,GMC,8,20019,2025-05-06
1090,Abbott,Mercedes-Benz,1,18900,2025-10-11
1091,Erny,Audi,10,27662,2025-03-09
1092,Hilton,Pontiac,,26484,2025-03-25
,Shelbi,Audi,5,10090,2025-01-16
1094,Decca,,5,10834,2025-04-14
1095,Godfrey,Nissan,4,19258,2025-05-22
1096,Sutton,Toyota,2,18555,2025-04-11
1097,Zitella,Hyundai,10,24838,
,Ceciley,Oldsmobile,10,23220,2025-02-07
1099,Cariotta,Nissan,4,23809,2025-07-29
,Alard,Saturn,5,13531,2025-04-08
1101,Kelsey,Mitsubishi,1,15244,2025-07-22
1102,Tynan,Ford,7,14150,2025-06-03
1103,Aarika,Ford,10,13671,2025-06-08
,Ula,Acura,10,13573,2025-02-02
1105,Kimball,Honda,6,27220,2025-08-16
1106,Bonnee,Volvo,3,27213,2025-02-10
1107,Gratia,Hummer,10,14263,2025-10-12
1108,Yanaton,Honda,,21485,2025-10-07
1109,Sarine,Dodge,8,15311,2025-08-08
1110,Haleigh,Maserati,2,18886,
,Katinka,Infiniti,5,23479,2025-03-07
1112,Larry,Mercury,2,27816,2025-04-27
1113,Charmine,Mercury,3,15659,
1114,Isacco,,9,16652,
,Ertha,Ford,5,24175,
1116,Jule,Ford,2,19847,2025-03-10
,Maridel,BMW,7,10309,2025-01-01
,Augustine,Honda,5,19682,2025-04-07
1119,Corny,Mercury,4,13370,2025-06-03
,Viva,Mercury,8,12636,
1121,Herman,Isuzu,,11686,2025-04-04
1122,Alvina,Volkswagen,2,25970,
1123,Sig,Mazda,6,25723,
1124,Garey,Ford,,19608,2025-03-18
1125,Birdie,Chevrolet,5,26999,
1126,Delcina,GMC,10,24132,
,Clarie,GMC,5,16277,
1128,Paolo,Plymouth,4,13619,2025-09-10
1129,Evangelia,Mitsubishi,2,21655,2025-03-21
1130,Katheryn,BMW,10,11684,2025-03-30
,Mile,Pontiac,3,11386,2025-02-27
1132,Trudie,Ford,8,23907,2025-10-02
1133,Adams,Suzuki,5,23531,2025-01-20
1134,Mella,Jaguar,2,22974,2025-09-03
1135,Gradey,Volvo,3,14434,2025-02-11
1136,Welby,Lincoln,10,14282,2025-04-18
,Lenora,BMW,4,18547,2025-05-04
,Drucill,Volkswagen,1,17266,2025-01-14
1139,Marlie,Chevrolet,5,19194,
1140,Karim,Cadillac,2,20696,2025-02-16
,Constantine,Pontiac,6,29985,2025-05-28
1142,Dot,,5,11944,2025-04-09
,Kali,Chevrolet,2,22648,2025-07-07
1144,Emalia,BMW,2,22059,
,Ivar,Hyundai,6,13002,2025-01-03
,Farrel,Chevrolet,4,28997,2025-07-10
1147,Jordain,Mazda,8,24301,
1148,Michell,GMC,10,28920,2025-09-16
,Cathe,Chevrolet,8,22317,2025-02-17
1150,Arlyn,Isuzu,5,13571,2025-07-16
1151,Rhetta,Jeep,2,17275,2025-03-21
,Meara,Volkswagen,1,12194,
1153,Shurlock,Dodge,8,20032,2025-05-08
1154,Saba,Dodge,1,25794,
1155,Daven,GMC,5,25951,2025-03-13
1156,Dayna,Ferrari,2,27918,2025-08-26
1157,Dion,Volkswagen,3,18722,
1158,Audrye,Lincoln,1,27183,2025-07-15
,Zacharie,GMC,6,15264,2025-02-14
1160,Robbi,Mercury,3,15699,2025-07-20
1161,Virgilio,Dodge,9,26127,2025-08-03
1162,Freddie,Scion,2,15241,2025-04-25
1163,Upton,Cadillac,,25306,2025-08-09
1164,Quentin,Dodge,9,22188,2025-03-04
1165,Judon,,1,17452,
1166,Hercule,Jeep,8,20713,
1167,Vinny,Hyundai,,13962,
1168,Adaline,,,28060,2025-09-03
1169,Vinni,Volvo,7,13039,
,Karol,Buick,4,23820,
1171,Dinah,Ford,7,18865,2025-03-09
1172,Juliette,Mitsubishi,8,12305,2025-06-25
,Geoffrey,Ford,3,28280,
,Naomi,Toyota,2,25118,2025-07-31
,Pauline,Chevrolet,9,17060,2025-10-07
1176,Shanan,Mitsubishi,6,26615,2025-03-12
1177,Ingeberg,Toyota,9,20021,2025-09-29
1178,Lazare,Ford,4,12298,2025-07-07
1179,Mommy,Chrysler,6,16601,
1180,Dicky,Pontiac,3,17722,
1181,Paolina,Mercedes-Benz,7,22001,2025-06-29
,Gnni,Lotus,,28624,
1183,Clari,Chevrolet,5,25315,2025-03-20
,Jacinda,Ford,5,10400,2025-04-10
1185,Fremont,Mercedes-Benz,2,17258,2025-09-11
1186,Shanta,Maybach,5,25081,
1187,Sean,Mitsubishi,3,16972,2025-08-29
,Hallsy,Volvo,6,18421,
,Perri,Mazda,2,24898,
1190,Chastity,Mazda,1,24553,2025-02-02
1191,Gordie,Honda,3,21121,
1192,Shandy,,5,10896,2025-01-18
1193,Arabele,Mercedes-Benz,1,25007,2025-05-08
,Nickie,Saab,9,21414,
,Thorn,Jaguar,8,28533,2025-08-25
1196,Natale,BMW,,16526,2025-09-20
1197,Marlyn,BMW,9,17104,2025-08-19
1198,Eugenia,BMW,1,13996,
1199,Marrilee,Dodge,4,23904,2025-06-30
,Gabriello,,5,10711,
1201,Merline,Toyota,10,10534,2025-03-06
,Victor,,3,27054,
1203,Eden,Lexus,2,11677,2025-10-11
1204,Robert,BMW,9,29984,
1205,Dore,Toyota,9,17227,
1206,April,BMW,9,25253,2025-06-10
,Rahel,Kia,,11866,2025-06-15
,Noak,Ford,4,14858,2025-05-24
1209,Knox,Oldsmobile,6,17311,2025-06-18
1210,Bonny,Volkswagen,5,12764,2025-07-04
1211,Jeffrey,Volvo,7,14438,2025-09-29
1212,Biddie,Volkswagen,1,28799,2025-09-09
,Marybeth,Ford,,13341,2025-10-17
1214,Drucie,Cadillac,6,10511,2025-02-17
1215,Adolphe,,1,24447,2025-10-04
1216,Meridith,Infiniti,8,29656,2025-07-08
,Tomas,Subaru,10,13025,
1218,Aili,BMW,10,13472,2025-04-02
,Teena,Audi,1,17577,2025-07-16
1220,Bruno,GMC,3,29191,2025-03-10
1221,Jerrilyn,Mercedes-Benz,9,26711,2025-07-21
,Fredrika,Lincoln,5,25684,2025-04-29
1223,Giles,Ford,3,20954,
,Wylie,Toyota,7,18048,2025-05-29
1225,Kaela,Mitsubishi,2,26585,
1226,Hussein,Ford,4,13764,2025-09-24
,Ange,Subaru,3,10749,2025-04-11
1228,Jeane,,4,26981,2025-02-06
1229,Tulley,BMW,,21046,2025-07-18
1230,Jacob,Mazda,,26521,2025-05-30
1231,Haleigh,GMC,7,12247,2025-01-21
,Allen,Volvo,6,29438,
1233,Nerissa,,5,14611,2025-09-18
1234,Emanuele,Hyundai,3,29754,2025-05-08
1235,Jareb,Toyota,4,25866,2025-03-28
,Verina,Volvo,1,20539,2025-08-07
1237,Joshua,GMC,8,16027,2025-06-22
1238,Sherlocke,Jaguar,2,17008,2025-01-06
1239,Simonette,Pontiac,2,28507,2025-02-28
1240,Veriee,Ford,,11473,2025-10-19
1241,Delilah,Buick,6,17419,2025-07-05
1242,Tybie,Lexus,10,20725,2025-05-08
1243,Alysa,Chevrolet,8,16231,2025-10-22
1244,Brendan,Dodge,,15852,2025-07-15
,Sanford,,2,24966,2025-09-06
,Philipa,,1,16855,
1247,Phylys,Toyota,5,27799,
1248,Whittaker,Nissan,,10120,2025-03-01
1249,Inez,Nissan,5,13055,
,Zollie,Honda,8,25262,2025-05-25
1251,Maurizio,Subaru,10,22801,
1252,Nikolaus,Cadillac,4,15841,2025-06-29
,Shelli,Toyota,5,24244,2025-02-06
1254,Miriam,Buick,4,28544,2025-03-25
,Prince,Ford,,14861,
1256,Arlie,Toyota,10,14782,2025-04-27
1257,Karrie,Chrysler,10,27366,2025-04-05
1258,Morganne,Mitsubishi,5,17550,
,Freda,Mitsubishi,6,13673,2025-03-08
1260,Quill,Chevrolet,2,22925,
1261,Englebert,Chevrolet,4,22354,2025-10-03
,Germain,,2,22281,2025-02-09
,Lucy,Dodge,7,23656,2025-04-01
1264,Martelle,Mitsubishi,4,29209,
1265,Broddy,,3,28797,2025-04-21
1266,Heddie,,5,28615,
1267,Kimble,Mitsubishi,10,16156,2025-03-02
1268,Corrie,Lincoln,4,27264,2025-09-26
,Florry,,7,20295,2025-01-20
1270,Ricardo,Volkswagen,8,10152,2025-02-21
1271,Jameson,Pontiac,1,21832,
1272,Anallise,Jeep,9,20008,2025-03-01
,Gus,Land Rover,9,24404,2025-01-16
,Hedvige,Dodge,8,21241,
,Carolin,Lincoln,1,17113,2025-05-14
1276,Teresina,BMW,10,27834,2025-05-06
,Elfrida,Ford,1,22618,2025-08-08
1278,Karena,Suzuki,2,18732,
,Homerus,Ford,,24583,2025-03-07
,Maxie,Mercedes-Benz,2,24892,2025-05-09
1281,Auria,Ford,7,13433,2025-06-15
1282,Kaia,Chrysler,10,24610,2025-08-01
1283,Anatola,Nissan,2,21450,2025-05-02
1284,Larry,Ford,9,16509,2025-06-10
1285,Doy,Ford,9,23149,2025-06-06
,Tan,Lexus,,15555,
1287,Genni,BMW,6,20061,
,Nicole,Ford,2,23976,2025-10-13
1289,Donnie,Chevrolet,6,20970,
1290,Joye,Mitsubishi,,24163,2025-07-01
1291,Gabe,Plymouth,7,25774,2025-05-21
1292,Nial,Mercedes-Benz,3,11469,2025-04-10
1293,Derk,Mazda,7,20349,2025-08-27
1294,Hettie,,6,25279,2025-07-21
,Colly,Mercury,7,17956,2025-01-06
1296,Pete,,6,26655,2025-08-20
1297,Julian,,3,20746,2025-09-05
,Zenia,,5,12211,2025-03-28
,Gustavo,Audi,7,13660,2025-01-14
1300,Thalia,,10,27045,
,Jolee,Mazda,,10806,2025-04-30
,Cullen,Toyota,10,14245,2025-07-27
1303,Thomas,,9,21933,2025-03-18
1304,Elvera,Chevrolet,9,18170,2025-07-20
,Wally,Acura,6,26510,2025-05-20
1306,Syman,,5,22671,2025-02-19
,Lindsay,GMC,9,24731,2025-03-07
1308,Claribel,Audi,1,11040,2025-09-04
,Ivie,Dodge,3,20416,2025-02-17
1310,Kelley,Chevrolet,3,12233,
1311,Dina,Pontiac,4,19599,2025-01-04
1312,Kettie,Honda,7,21841,2025-03-18
1313,Gilemette,GMC,7,21008,2025-07-05
,Julio,Mitsubishi,4,11613,
1315,Tamera,Jeep,3,29681,2025-01-13
1316,Fifi,Jeep,3,24051,2025-05-10
1317,Giacinta,Ford,6,10394,
1318,Timmy,Subaru,5,21375,
,Donnie,Ford,8,16072,
,Chelsey,,4,10584,2025-07-03
,Pepita,Audi,6,26696,2025-10-10
,Addie,Lamborghini,2,15653,2025-02-05
1323,Maris,Subaru,7,20935,2025-04-06
1324,Lind,Saturn,10,20945,2025-02-11
1325,Tallia,,5,25138,2025-09-24
1326,Lacie,Cadillac,10,12558,2025-01-26
1327,Hobard,Acura,6,29017,
,Madelena,GMC,,26402,2025-09-07
,Neal,Plymouth,8,29000,2025-03-01
1330,Mikaela,Chevrolet,9,19875,
1331,Jenny,Alfa Romeo,8,27096,2025-05-13
,Ellette,Lincoln,,15540,2025-07-17
1333,Rutledge,,8,12679,2025-08-05
,Calv,Toyota,9,18998,
1335,Maxine,Ford,7,27694,2025-06-30
1336,Shannen,Eagle,7,29712,2025-03-25
,Darya,Geo,,11964,2025-04-19
1338,Remington,Volvo,7,23325,2025-08-28
,Chandler,Ford,10,14842,2025-05-22
,Care,Ford,4,28360,2025-10-20
1341,Tiffi,Scion,7,26920,
1342,Morgen,Hyundai,6,15170,
1343,Lyman,Porsche,6,20038,2025-06-26
1344,Culver,Pontiac,5,19474,
1345,Ralina,Volvo,10,13257,2025-04-07
1346,Fairleigh,Hyundai,1,13416,2025-10-02
1347,Cecily,Jensen,2,22486,2025-09-12
,Babara,Toyota,9,29477,2025-09-04
,Waite,Volkswagen,9,12646,2025-05-23
1350,Kaitlynn,Mazda,1,13079,2025-09-16
1351,Shepperd,Chevrolet,9,11712,2025-07-15
1352,Lacee,Kia,8,16794,2025-03-30
1353,Starr,Kia,10,20572,
,Rockie,Kia,3,19905,2025-02-04
1355,Aimil,,5,29402,2025-05-26
1356,Danielle,Ford,1,17409,2025-08-10
,Helaine,Hyundai,6,20072,2025-08-18
1358,Boyce,Chevrolet,6,13569,2025-01-01
1359,Hilliard,GMC,10,25023,
,Isabella,Oldsmobile,4,10545,2025-01-17
,Norina,GMC,7,24014,2025-02-01
,Angie,,3,27119,2025-01-20
1363,Kurt,,3,16770,
1364,Crosby,,2,11666,2025-02-03
,Sauncho,Volvo,1,10399,2025-03-02
1366,Eugene,Lincoln,2,11848,2025-03-19
,Ephrem,Mazda,1,19125,2025-02-14
1368,Elbertine,Toyota,6,23714,2025-09-27
1369,Valene,Buick,9,19112,2025-02-13
,Lenette,Lincoln,1,24262,2025-05-05
,Darb,Audi,4,24968,
1372,Guthrey,Chevrolet,1,29879,2025-03-04
1373,Iormina,Hummer,7,28626,2025-09-17
1374,Dot,Honda,2,16776,2025-01-19
1375,Izabel,Jeep,8,10772,
,Katerine,Isuzu,8,23701,2025-10-02
1377,Kate,Infiniti,2,10885,2025-06-22
,Cordelia,Dodge,8,26953,2025-09-03
1379,Nowell,Nissan,5,25679,
1380,Ramsey,Chevrolet,8,17478,
1381,Des,Audi,6,27402,
,Fitzgerald,Lincoln,2,11725,
1383,Geneva,Ford,5,17466,2025-06-07
1384,Ruy,Nissan,3,27801,
1385,Mack,Buick,6,20662,
1386,Anica,Porsche,7,28450,
,Janaye,Mazda,3,28839,
,Elva,Nissan,9,17421,2025-05-13
1389,Gamaliel,Saab,6,29174,2025-04-21
1390,Reid,Buick,4,26175,2025-02-14
1391,Pancho,Pontiac,9,21824,
,Johannah,,,25824,2025-06-11
1393,Osbourn,Lexus,9,14985,
,Kayle,,3,17282,2025-06-15
,Rory,,9,19281,
,Eddie,,5,13570,
1397,Vally,Chevrolet,8,19741,
,Warren,GMC,10,13735,2025-07-14
1399,Devinne,Volvo,5,18934,2025-07-16
1400,Friedrick,Dodge,10,25918,
1401,Dario,,4,14523,2025-04-21
1402,Clio,Acura,6,19947,
,Sheela,Aston Martin,9,13066,2025-02-18
,Dacey,Mercury,5,12112,
,Germana,Porsche,3,16349,2025-09-14
,Kimbell,Pontiac,7,29001,
1407,Gerard,Pontiac,7,20739,
,Jason,Dodge,5,21358,2025-04-30
1409,Kala,Nissan,2,24703,2025-05-09
,Cynthia,Nissan,5,22304,
1411,Ramsey,,10,13769,2025-01-15
1412,Keefer,Mercedes-Benz,5,13434,2025-07-04
1413,Gunther,Mazda,9,29304,2025-10-07
,Yuma,Suzuki,9,24989,
,Molli,Lotus,4,23333,
1416,Glynn,Dodge,10,14726,2025-09-13
1417,Inglebert,Dodge,,12157,
,Mada,Honda,8,12996,
,Jarib,Jaguar,1,14071,2025-10-07
1420,Joye,Subaru,5,16614,2025-08-17
1421,Sheffy,GMC,2,11457,2025-06-13
1422,Gris,Nissan,8,17705,2025-01-13
1423,Anderson,Audi,5,18096,2025-03-31
1424,Kay,Buick,6,13905,2025-03-22
1425,Hansiain,Plymouth,6,25667,2025-10-19
1426,Natalie,Ford,7,22283,2025-01-30
1427,Gibb,Chevrolet,9,12442,
1428,Joana,,2,11951,
1429,Elnora,Lincoln,3,29512,2025-03-18
1430,Fabio,Chevrolet,2,17590,
,Gerta,Mercedes-Benz,7,16809,
1432,Kaela,Ford,3,26906,2025-02-10
,Jefferey,Suzuki,5,16221,
1434,Florinda,Mercury,8,13116,2025-08-14
1435,Syman,,2,19839,
1436,Lenore,GMC,4,21049,
1437,Honor,Dodge,3,13536,
1438,Teador,Buick,2,27795,
,Kial,Hyundai,3,11981,2025-06-29
1440,Roxanne,BMW,8,26021,2025-03-02
1441,Ely,Mitsubishi,6,14674,2025-06-12
1442,Crawford,Jaguar,9,17475,2025-07-19
1443,Myrtie,GMC,8,18146,2025-03-20
1444,Ysabel,Cadillac,8,11176,
,Augustine,Chevrolet,,17852,2025-07-17
,Robbyn,Toyota,6,16360,2025-02-15
,Jarrett,Mercedes-Benz,10,16152,
1448,Hadria,Toyota,9,10775,
,Quillan,Pontiac,3,16230,2025-01-23
1450,Yalonda,BMW,10,13779,
1451,Fayre,Dodge,7,19803,
1452,Susy,Ford,,10303,
,Alice,Ford,5,21477,2025-02-19
1454,Randolph,Chevrolet,1,11068,
1455,Dewain,Mitsubishi,10,11982,
,Vanya,Mitsubishi,8,11913,
1457,Nananne,GMC,3,29565,
1458,Lonny,Audi,8,17364,2025-09-20
1459,Franklin,Ford,1,27657,
1460,Leola,Hyundai,6,28760,
1461,Stormi,Chevrolet,5,18947,2025-09-12
1462,Harrietta,Mazda,5,12325,2025-06-05
,Mab,Ford,2,15708,2025-06-18
,Barrett,Chevrolet,1,10292,
,Abra,Subaru,3,19071,2025-08-16
1466,Caril,Chevrolet,10,26373,2025-04-07
,Jasen,Chevrolet,2,28562,
1468,Arvy,Toyota,5,29917,
1469,Alphonso,Suzuki,8,12587,
1470,Reggi,,7,29144,2025-10-15
1471,Jermaine,Volkswagen,5,25322,2025-07-02
,Alfred,Mitsubishi,8,11913,2025-02-17
1473,Martina,Pontiac,,26198,
1474,Delly,Mazda,9,15006,
,Jennine,Volkswagen,8,23764,2025-05-19
,Davida,,10,19089,2025-03-03
1477,Rriocard,Dodge,9,10900,2025-10-15
1478,Joye,Volkswagen,9,29387,
1479,Den,Pontiac,5,17056,2025-03-29
1480,Molli,Mercedes-Benz,8,21236,
1481,Roderigo,Cadillac,5,28815,2025-03-22
,Spike,Toyota,2,17967,2025-01-15
1483,Wayne,Jeep,7,22554,2025-09-17
1484,Bell,Porsche,10,23289,2025-09-30
,Morrie,Cadillac,1,26536,
1486,Davon,Buick,10,21171,2025-10-06
1487,Thedric,GMC,8,18593,2025-04-05
,Lindsay,,10,15742,2025-06-23
1489,Wyn,Chevrolet,5,29904,2025-01-09
,Kristen,Lincoln,4,20560,2025-07-01
1491,Rene,Ford,5,14005,2025-03-17
1492,Reece,Volkswagen,7,18586,
1493,Codie,Volvo,1,16742,2025-10-18
1494,Chas,Lexus,3,21837,
1495,Micheil,,6,23219,2025-03-08
1496,Vince,Lamborghini,1,10404,2025-05-28
1497,Mallory,Mercedes-Benz,2,15545,2025-03-10
1498,Kissie,Ford,1,21543,2025-02-11
1499,Em,Dodge,9,27136,
1500,Amy,Ford,1,19786,2025-08-22
1501,Nicoline,Dodge,2,25856,
1502,Rosella,Jaguar,2,20953,2025-09-09
1503,Ashley,Mercury,,24960,2025-09-25
1504,Wilmette,Oldsmobile,6,22305,2025-05-17
1505,Allys,BMW,,24347,
1506,Dora,Mazda,5,12406,2025-06-07
,Carlin,Ford,7,22487,2025-06-24
1508,Dieter,,4,22523,2025-01-03
,Mandy,,9,20540,2025-01-15
1510,Mauricio,Mitsubishi,5,16962,2025-05-13
,Ileane,Buick,4,14223,2025-03-23
,Darcie,Mercedes-Benz,1,12872,2025-03-02
1513,Myer,Honda,7,12372,
1514,Megen,Ram,10,10445,
,Ivy,Audi,2,28351,2025-09-17
1516,Lucina,Oldsmobile,9,10527,2025-06-12
1517,Win,Mercury,,28383,2025-09-22
1518,Reinaldo,Ford,5,23326,2025-08-09
,Hilliary,Mercury,6,11666,2025-03-13
1520,Consuela,Mitsubishi,3,21813,2025-03-20
1521,Rance,Jaguar,5,12578,2025-04-03
1522,Rochell,Honda,7,11775,2025-10-14
1523,Lula,Oldsmobile,9,16549,2025-08-31
1524,Maryann,Mercury,7,14688,2025-02-11
,Cairistiona,Jeep,1,27773,2025-04-24
1526,Carissa,Chevrolet,2,19231,2025-07-02
1527,Derril,Aston Martin,5,10424,2025-01-06
,Elvera,GMC,5,10689,
1529,Sheffy,Ford,7,26121,
1530,Jonathon,Lamborghini,9,27675,2025-05-20
,Thomasa,,3,28647,2025-07-12
1532,Jo,Honda,1,10065,2025-06-05
,Witty,Toyota,,21884,
1534,Eliza,Acura,10,19701,2025-07-21
1535,Ignaz,,10,23342,2025-07-25
1536,Lorrin,Pontiac,8,29556,2025-03-03
1537,Wesley,Mercury,4,24813,2025-02-21
1538,Rosalynd,Audi,8,12430,
1539,Jaquenetta,Mitsubishi,5,20378,2025-04-13
1540,Susan,GMC,7,23930,2025-07-06
1541,Rolfe,Chrysler,,10258,
1542,Celene,Mercury,8,10046,2025-10-16
1543,Hilda,Mazda,7,11439,
,Jdavie,Porsche,,18988,2025-05-22
,Danny,Pontiac,2,27911,2025-08-03
,Onida,GMC,4,27351,2025-01-06
1547,Bartlett,Pontiac,3,16448,
,Carmine,Saab,9,10313,2025-09-17
1549,Cynthea,Jeep,8,10842,2025-02-18
1550,Jessalin,Mercury,3,17300,
1551,Gerianne,Chevrolet,9,15782,2025-08-30
1552,Meris,Chevrolet,1,17850,2025-01-17
,Arlan,BMW,8,18838,2025-07-18
1554,Agnes,Mitsubishi,8,21125,2025-07-12
1555,Bernie,Nissan,5,29712,2025-08-24
1556,Graehme,Acura,4,15597,2025-02-07
,Jerrold,,1,22584,2025-03-12
1558,Agatha,Acura,6,10566,2025-09-21
1559,Berny,Acura,4,15808,2025-08-12
,Kippy,Ford,5,16230,2025-08-21
,Hailey,Infiniti,1,25899,2025-10-15
1562,Giacomo,,7,13302,2025-08-09
1563,Jackie,Volkswagen,5,23129,2025-09-24
1564,Kendre,Chevrolet,7,11588,2025-09-17
1565,Damita,Oldsmobile,10,16038,
,Filbert,Pontiac,4,25247,2025-09-28
1567,Pebrook,,2,19740,
1568,Willy,Nissan,,14431,
1569,Kate,Land Rover,,24940,2025-03-16
,Deeyn,Volkswagen,9,11745,2025-01-10
,Clarinda,Mercedes-Benz,,18544,
1572,Leland,Jaguar,7,22221,
1573,Jere,Volvo,1,11250,2025-01-23
,Janaya,Cadillac,10,22937,
1575,Madalyn,Pontiac,6,25622,2025-02-08
,Anabel,Suzuki,1,17927,
1577,Hanan,Pontiac,3,19913,2025-02-06
,Adele,Kia,4,18488,
,Anissa,GMC,6,23149,2025-08-12
1580,Sybila,Chevrolet,,17973,2025-03-07
1581,Tedie,Volvo,7,13850,2025-04-05
,Zoe,Dodge,3,18948,2025-05-19
1583,Garwin,Lamborghini,1,12679,2025-03-05
,Cally,Mercury,1,14267,
1585,Crawford,Mercury,,24351,2025-09-25
1586,Berkeley,Ford,3,14662,
1587,Verney,Honda,4,28333,2025-04-26
1588,Allan,Dodge,8,12897,
1589,Andonis,Mazda,3,10518,
1590,Gilbertine,GMC,3,15646,2025-03-07
,Kayley,Mazda,6,10456,
1592,Tanitansy,Cadillac,,22007,2025-06-23
1593,Lauritz,Dodge,10,17581,2025-05-22
,Debbi,Nissan,4,15213,
,Lorelle,Audi,3,25487,2025-09-16
1596,Celestyna,Mitsubishi,5,28376,2025-04-21
1597,Odelle,Dodge,10,22353,
1598,Shaylyn,,8,14914,
,Elka,,7,21039,2025-01-11
1600,Filia,Mercedes-Benz,2,14104,2025-08-06
