order_id,customer_name,product,quantity,unit_price,order_date,region
1,Linda,Isuzu,,19410,12/25/2023,Tanzania
,Lynda,Lexus,2,,6/13/2023,Tanzania
,Emlyn,Chevrolet,10,20045,8/17/2023,Kenya
4,Sheila,Volvo,,,2/26/2023,
,Elbert,Dodge,2,24052,4/11/2023,Uganda
,Krista,Toyota,17,14875,7/14/2023,Tanzania
7,Eric,Toyota,16,12459,1/18/2023,Tanzania
,Peri,Oldsmobile,8,25149,4/4/2023,Tanzania
9,Lawry,,,,7/6/2023,Tanzania
,Shaw,Ford,2,,4/18/2023,
11,Clement,,7,27363,10/2/2023,Tanzania
12,Kippie,Mercedes-Benz,14,13158,1/24/2023,Kenya
,Ina,,14,25793,8/30/2023,Tanzania
14,Malina,Toyota,,13235,10/24/2023,
15,Jarrett,Buick,17,26346,7/16/2023,Kenya
16,Joyous,,8,10407,8/31/2023,Kenya
,Alfy,Toyota,,17817,9/9/2023,Tanzania
,Camile,Mitsubishi,,23233,12/13/2023,Tanzania
,Aurie,,,25899,11/29/2023,Tanzania
20,Florian,Mercedes-Benz,,25424,9/13/2023,Tanzania
,Sheryl,Jeep,14,25117,6/5/2023,
22,Sorcha,Dodge,,16999,10/27/2023,
,Burk,,10,11484,5/9/2023,Tanzania
,Ahmed,Dodge,7,19030,8/25/2023,Uganda
25,Livy,Subaru,12,20193,7/19/2023,Tanzania
,Bree,,,,9/9/2023,Kenya
27,Ardella,BMW,,19470,6/6/2023,Uganda
28,Catharina,Dodge,13,29332,1/26/2023,
29,Emlen,Land Rover,,10872,9/7/2023,
30,Sofie,Jeep,,19849,1/22/2023,Tanzania
31,Leonardo,Mitsubishi,,11703,9/12/2023,Kenya
32,Clayton,Jeep,18,27187,9/2/2023,
33,Constantin,GMC,7,23080,9/12/2023,Uganda
34,Goldina,,,10438,3/19/2023,Kenya
,Cart,Subaru,11,24559,1/6/2023,Kenya
36,Adriane,Nissan,16,19278,6/14/2023,Uganda
,Udale,,8,26073,11/16/2023,Uganda
38,Hube,Audi,8,10687,9/21/2023,Tanzania
,Mort,Hummer,14,25367,10/30/2023,
,Klaus,Isuzu,18,10275,6/11/2023,Uganda
,Magdalene,Mercury,,,9/18/2023,Tanzania
42,Sanson,Chevrolet,,22517,11/28/2023,
,Allix,Chevrolet,20,,8/26/2023,Tanzania
,Dana,Chevrolet,9,21541,4/20/2023,Kenya
,Aguie,,9,,7/2/2023,
46,Orazio,Chevrolet,19,12782,9/23/2023,Tanzania
47,Raimundo,GMC,15,27479,1/17/2023,Kenya
48,Rodney,,7,,7/17/2023,Uganda
49,Corney,Kia,11,,3/8/2023,
,Kirbie,Volvo,9,,10/17/2023,
51,Caye,Volkswagen,8,12474,12/9/2023,Uganda
,Jewel,GMC,7,19578,8/23/2023,Uganda
53,Kathlin,,,11454,9/14/2023,Kenya
54,Meta,Toyota,,15311,6/28/2023,
55,Fawne,Dodge,,13830,6/26/2023,Tanzania
,Gaston,Lexus,6,16297,10/28/2023,Uganda
57,Waverly,Acura,19,24715,6/16/2023,
,Jillie,Nissan,17,10933,12/25/2023,
59,Midge,Lexus,13,19008,10/8/2023,Uganda
60,Nerte,Pontiac,,14112,5/5/2023,Uganda
61,Damara,,8,16783,10/7/2023,Uganda
,Jeremiah,Pontiac,,,11/16/2023,Uganda
63,Delaney,Ford,,18197,10/12/2023,Tanzania
64,Christa,Toyota,2,28496,1/23/2023,Tanzania
,Odetta,Lincoln,,23108,9/23/2023,Tanzania
66,Chrissie,Pontiac,3,,4/6/2023,Tanzania
67,Colver,Mazda,18,,11/7/2023,
68,Petr,MINI,19,23952,9/18/2023,
69,Renee,Porsche,10,12763,6/24/2023,Uganda
70,Emanuel,Mercury,,,12/4/2023,Kenya
71,Orel,Porsche,,15063,4/1/2023,Tanzania
72,Seamus,Mercedes-Benz,15,16109,11/2/2023,Uganda
73,Maggee,Ford,7,21047,4/28/2023,Tanzania
74,Eldon,,8,22882,3/16/2023,Uganda
75,Kimberli,,,,2/7/2023,
76,Lanni,CitroÃ«n,4,22160,5/6/2023,Tanzania
77,Kristi,Land Rover,20,24456,5/3/2023,
78,Jocelin,Jaguar,,,2/2/2023,Tanzania
,Bartholomeus,Chevrolet,,17545,1/17/2023,Uganda
80,Jenn,Isuzu,3,,8/18/2023,Tanzania
81,Gun,Audi,19,25271,6/30/2023,Tanzania
,Teddie,Pontiac,7,25795,3/31/2023,Kenya
83,Daryl,Pontiac,,19258,1/13/2023,Tanzania
84,Avie,Plymouth,,28998,2/16/2023,Tanzania
85,Kare,Dodge,,28443,3/25/2023,Kenya
86,Flory,Lexus,11,,11/17/2023,
87,Meredeth,,8,19689,10/20/2023,Tanzania
88,Nathanil,Audi,1,18616,10/29/2023,
,Gerry,Subaru,7,28918,7/10/2023,Tanzania
90,Floria,Chevrolet,,18182,1/3/2023,Tanzania
,Nathan,GMC,15,22310,12/31/2023,Tanzania
92,Constantino,Ford,,23278,10/19/2023,Tanzania
93,Donetta,Ford,17,28543,1/8/2023,Tanzania
94,Jaquelyn,Cadillac,6,19482,7/13/2023,Tanzania
95,Susie,,20,,3/1/2023,Uganda
96,Maurits,Mercury,,21929,4/6/2023,Kenya
97,Konstance,Pontiac,15,26547,7/4/2023,Kenya
98,Lesly,Chevrolet,5,19022,2/5/2023,
,Cris,Toyota,3,15900,9/9/2023,Kenya
,Louis,Plymouth,10,,8/23/2023,
101,Natty,Mercury,,13307,6/29/2023,
102,Omar,GMC,,18559,10/11/2023,
103,Kessiah,Dodge,,17939,12/22/2023,Kenya
104,Anton,Chevrolet,,,4/5/2023,Uganda
105,Angie,Ford,20,,5/4/2023,Uganda
106,Lyle,Porsche,,27075,10/3/2023,Kenya
,Alysia,,,26031,5/11/2023,Tanzania
108,Wendel,,18,16795,12/13/2023,Kenya
109,Helenka,,,13109,10/24/2023,Tanzania
110,Riki,,4,21545,11/10/2023,Uganda
111,Sheila,Mazda,7,11520,10/31/2023,Tanzania
,Rozele,,7,,1/10/2023,Tanzania
,Boote,Infiniti,,13491,1/17/2023,Tanzania
,Tootsie,GMC,,15342,5/24/2023,Uganda
115,Mavra,Chevrolet,,21438,4/1/2023,Tanzania
116,Jenny,Ford,,11587,7/2/2023,Tanzania
117,Dionisio,Ford,,12135,7/27/2023,Tanzania
118,Umeko,Land Rover,,,2/21/2023,
119,Halsey,Dodge,10,25190,5/20/2023,Tanzania
,Allen,Mercedes-Benz,,17375,6/4/2023,Uganda
121,Sophey,Lexus,,15959,7/25/2023,Tanzania
,Kalila,,1,,12/30/2023,
123,Staffard,Toyota,1,14802,5/1/2023,
124,Bram,Subaru,12,29044,7/28/2023,Uganda
125,Glen,Chevrolet,,27286,8/21/2023,Tanzania
126,Jourdain,Dodge,20,20469,9/18/2023,Tanzania
,Barris,Infiniti,7,13624,10/21/2023,
128,Adi,Pontiac,6,25374,3/6/2023,
129,Ingeberg,,2,20797,10/30/2023,Tanzania
130,Joseito,Toyota,,17811,1/30/2023,
131,Trula,Chrysler,6,29655,1/18/2023,
132,Wyn,Ford,2,14871,8/9/2023,
133,Effie,Chevrolet,,28769,5/13/2023,Kenya
134,Carline,Honda,16,14165,1/24/2023,
,Lonna,Chrysler,18,25064,2/18/2023,
136,Moyra,,18,25732,3/5/2023,Tanzania
137,Dolli,Chevrolet,,29429,1/10/2023,Tanzania
138,Raffaello,Toyota,10,29552,8/16/2023,Tanzania
139,Farah,Saturn,,14826,7/18/2023,Kenya
,Suzanna,Volkswagen,,14156,11/18/2023,Uganda
141,Petey,Acura,6,18368,5/1/2023,
142,Lucias,,2,21700,3/21/2023,Kenya
143,Antonella,Hyundai,14,17764,7/24/2023,Uganda
144,Rickey,,,,5/27/2023,Uganda
145,Neils,Pontiac,,14802,6/30/2023,Kenya
146,Jere,Hyundai,17,,2/28/2023,Tanzania
147,Minny,Plymouth,,,1/3/2023,Uganda
148,Thomasina,Toyota,12,23000,10/29/2023,Uganda
149,Mathe,Audi,,13264,11/11/2023,Tanzania
150,Arlena,,8,,7/8/2023,Tanzania
151,Immanuel,Isuzu,,10309,7/9/2023,Tanzania
152,Myrtie,,5,,6/3/2023,
,Nanci,,,11145,7/29/2023,Kenya
154,Mitch,Mitsubishi,6,21971,9/16/2023,
,Nicol,Ford,,29711,7/10/2023,Tanzania
,Arlan,Mitsubishi,,,3/20/2023,Uganda
157,Abdel,Pontiac,4,21219,10/16/2023,
158,Emelda,,,26136,12/17/2023,
159,Morgan,Mitsubishi,,27992,11/19/2023,
160,Kingsly,,4,,6/2/2023,Uganda
161,Patty,,,,4/16/2023,Tanzania
162,Sena,Buick,7,15720,8/11/2023,
163,Cissy,,14,,8/20/2023,Kenya
164,Garrik,Toyota,17,,8/23/2023,Tanzania
165,Pierson,Mazda,,22968,9/3/2023,Uganda
166,Jere,,16,24253,5/9/2023,Tanzania
167,Monro,Mazda,10,19492,10/23/2023,Tanzania
,Olva,Dodge,1,19670,6/26/2023,Tanzania
169,Sella,Chevrolet,14,10232,12/21/2023,Tanzania
170,Keelia,Dodge,11,14625,1/1/2023,Tanzania
171,Ellsworth,,16,,8/15/2023,Tanzania
172,Olag,Maybach,10,19193,6/3/2023,Uganda
173,Jedidiah,,5,28999,12/18/2023,
,Olwen,Ford,7,18089,1/8/2023,Tanzania
175,Leandra,Ram,,,10/8/2023,Tanzania
176,Latrina,Ford,19,28399,4/14/2023,Kenya
177,Calypso,,20,29258,10/14/2023,Uganda
178,Selena,Mazda,3,,7/8/2023,Tanzania
179,Rollin,Lexus,,28401,8/9/2023,Kenya
180,Dorothea,,,20653,9/19/2023,
181,Frasco,Lotus,14,,3/17/2023,Tanzania
182,Conny,BMW,,,12/30/2023,Kenya
183,Fredek,Cadillac,,,9/15/2023,Kenya
,Darrin,,,20569,6/20/2023,Kenya
185,Rey,Chevrolet,16,12856,10/16/2023,Uganda
186,Weidar,Lexus,,27433,4/28/2023,
187,Jacques,,,,10/29/2023,Uganda
,Alic,Lincoln,,17919,2/14/2023,
,Merle,Honda,,18076,1/1/2023,Uganda
190,Annis,Volvo,6,17338,12/23/2023,Kenya
191,Roxanna,Volkswagen,6,26739,10/5/2023,Tanzania
192,Emmie,GMC,15,25573,1/7/2023,Tanzania
193,Solomon,Mazda,15,19959,6/28/2023,Tanzania
,Gerda,Chevrolet,9,23944,2/19/2023,Tanzania
195,Guglielma,,1,25242,3/27/2023,Tanzania
196,Laurice,Ford,9,,1/14/2023,Tanzania
197,Tyler,Volkswagen,,24463,11/11/2023,Tanzania
198,Nancie,Toyota,,24674,3/31/2023,Kenya
199,Yard,Lexus,,14282,7/18/2023,Tanzania
,Modesty,Porsche,15,18533,8/29/2023,Kenya
201,Hermione,Ford,12,10298,5/5/2023,Tanzania
202,Mateo,Chevrolet,,26029,12/19/2023,Tanzania
203,Nicolai,,,18729,4/27/2023,Kenya
204,Ceil,Chevrolet,8,16349,5/20/2023,Tanzania
,Lu,Mercedes-Benz,9,,7/20/2023,
,Ewen,Mercedes-Benz,,24623,12/10/2023,Uganda
207,Selig,Pontiac,4,14578,7/11/2023,
208,Micheal,BMW,,21043,8/23/2023,Uganda
209,Beryl,Isuzu,,19175,2/4/2023,Tanzania
210,Barton,Mercedes-Benz,,15885,11/26/2023,
211,Jolie,Chevrolet,12,28552,9/20/2023,Kenya
212,Juana,BMW,1,15731,3/23/2023,
213,Zechariah,,11,25543,8/23/2023,Uganda
214,Olav,Cadillac,,,3/12/2023,Kenya
215,Melissa,Saab,,16898,5/16/2023,Tanzania
216,Gawen,,,16383,5/22/2023,Tanzania
217,Cherilyn,Pontiac,2,23247,1/28/2023,
,Reta,,,22093,3/20/2023,Uganda
,Yehudit,,9,19664,6/28/2023,Tanzania
220,Conant,Subaru,15,23823,3/8/2023,
221,Yulma,Acura,,13018,7/5/2023,Tanzania
222,Andrej,Buick,1,,11/10/2023,Tanzania
223,Nels,Isuzu,2,,12/26/2023,Tanzania
224,Arlana,Cadillac,7,11932,5/4/2023,Tanzania
225,Liam,Eagle,,15882,5/2/2023,Kenya
,Dianne,Mitsubishi,11,14372,7/12/2023,Uganda
227,Bethanne,Mercury,15,29158,4/20/2023,
228,Allx,Volvo,13,,11/15/2023,Tanzania
229,Gabi,Lexus,6,21309,6/8/2023,
,Mavis,Honda,10,,4/20/2023,
,Oralle,,,21410,9/9/2023,Tanzania
232,Carmelia,Plymouth,16,,2/4/2023,
233,Karly,Honda,14,25311,12/9/2023,Tanzania
,Clarita,Mercury,,13041,9/10/2023,Tanzania
,Micki,GMC,,10884,6/8/2023,Kenya
236,Nichol,Dodge,,25430,5/27/2023,Kenya
,Shadow,,,19963,10/25/2023,
,Mikol,Ford,,23355,9/16/2023,Uganda
239,Kore,Geo,,,4/22/2023,Uganda
240,Almeria,Bentley,,15133,1/16/2023,Tanzania
241,Gracia,Lexus,,15274,1/18/2023,Tanzania
242,Forrest,,12,18217,8/14/2023,Tanzania
243,Diandra,Pontiac,,24829,7/17/2023,
244,Raoul,,,29443,8/12/2023,Uganda
245,Arlin,Mitsubishi,,20159,9/22/2023,Tanzania
246,Ethelin,Toyota,,,5/21/2023,Tanzania
,Chiquia,Chevrolet,18,19454,11/4/2023,Tanzania
248,Nadine,Lincoln,,19978,5/15/2023,Kenya
249,Miriam,BMW,18,15901,1/20/2023,Uganda
250,Aylmer,Volkswagen,9,13550,4/13/2023,Tanzania
251,Gail,Infiniti,14,26145,4/19/2023,Kenya
252,Colby,,,,12/6/2023,Kenya
253,Georgi,,,17651,12/3/2023,Kenya
,Beau,Mazda,12,21332,4/15/2023,Tanzania
255,Rora,Buick,18,11323,9/24/2023,Tanzania
256,Koralle,Toyota,5,,7/4/2023,Kenya
257,Alvis,,,29850,3/29/2023,Tanzania
258,Adair,Dodge,16,20761,9/13/2023,Tanzania
259,Damiano,Lexus,,12623,7/6/2023,Kenya
260,Maggie,Mercury,,10872,4/10/2023,Tanzania
,Earl,Ford,,,6/24/2023,Tanzania
,Mandel,Suzuki,13,21543,12/14/2023,
,Cybill,Mazda,,12903,2/21/2023,Tanzania
264,Hope,Dodge,3,21906,7/9/2023,Tanzania
,Edik,,2,,3/7/2023,Tanzania
266,Wildon,Cadillac,7,,7/31/2023,Tanzania
,Wendeline,Jaguar,,18519,12/2/2023,Kenya
,Dorothea,,11,10449,1/30/2023,
269,Jackie,Mitsubishi,,26192,6/8/2023,Kenya
270,Danila,,,,9/6/2023,
271,Loutitia,Pontiac,18,22445,1/1/2023,
272,Ariel,,,25097,5/20/2023,
273,Kerrin,Mercedes-Benz,,17109,5/31/2023,
274,Sasha,Oldsmobile,19,24268,3/1/2023,Kenya
275,Justus,,,14001,7/14/2023,Uganda
,Graham,,15,,11/24/2023,Tanzania
277,Norean,Pontiac,14,24730,2/3/2023,
,Xenia,GMC,3,24724,4/15/2023,
,Mufinella,Oldsmobile,12,,9/13/2023,Kenya
,Paolo,Kia,16,19456,5/6/2023,Uganda
281,Barney,,1,13922,8/29/2023,Tanzania
282,Merwyn,Saab,,26407,4/19/2023,Tanzania
283,Brooks,Cadillac,16,15637,11/10/2023,Uganda
284,Lane,Toyota,14,26755,9/12/2023,Tanzania
285,Lexi,,19,27473,8/6/2023,Tanzania
286,Kimmi,Volkswagen,,,3/23/2023,Tanzania
287,Deidre,BMW,11,,4/5/2023,Uganda
288,Bennie,Nissan,13,18928,9/19/2023,Tanzania
289,Masha,Jeep,,23556,5/14/2023,Uganda
290,Shawn,,1,16047,12/25/2023,Tanzania
291,Ashla,Lexus,4,11577,8/29/2023,Uganda
,Tabor,,,21214,7/29/2023,
293,Ciel,Ford,10,24223,1/26/2023,Tanzania
294,Brocky,Honda,15,29711,1/12/2023,Tanzania
,Nathaniel,Volvo,3,10451,4/9/2023,Tanzania
296,Emmi,Buick,,21261,8/31/2023,Tanzania
,Lucie,Toyota,,18697,1/7/2023,Tanzania
298,Quintina,Ford,,10256,12/22/2023,Uganda
299,Meridel,Mercury,5,24233,1/8/2023,Tanzania
300,Peggie,Buick,,16989,12/28/2023,Kenya
301,Maddie,Mercedes-Benz,10,10280,11/22/2023,Tanzania
,Rahel,,5,,10/21/2023,Tanzania
,Cleon,Volkswagen,18,22790,12/18/2023,
304,Izaak,Mercury,5,12138,4/21/2023,Tanzania
,Janos,Lamborghini,,28454,4/21/2023,Tanzania
306,Dietrich,Audi,18,,7/26/2023,Tanzania
307,Giovanna,,,,3/20/2023,Tanzania
,Kirk,Nissan,12,17803,5/31/2023,Uganda
,Sonnie,Kia,19,12630,4/6/2023,Tanzania
310,Andie,,5,20384,12/31/2023,Uganda
311,Kerry,Audi,8,,3/5/2023,Uganda
312,Gilbert,Infiniti,,17585,8/13/2023,Uganda
313,Murial,Ford,,26207,1/1/2023,Kenya
,Kate,Mitsubishi,,21836,2/17/2023,Uganda
,Hardy,Aston Martin,17,20733,5/7/2023,Tanzania
,Giles,Volkswagen,1,21401,10/17/2023,Tanzania
317,Nanete,,1,14334,7/26/2023,
318,Daren,Porsche,14,11632,12/20/2023,Kenya
,Morton,,,24559,8/31/2023,Tanzania
320,Matty,Mazda,19,19477,11/5/2023,Kenya
321,Delbert,Lexus,20,,8/13/2023,
322,Stefanie,,,,1/10/2023,Uganda
323,Buffy,Acura,7,29386,6/24/2023,Tanzania
324,Delmar,Toyota,,28145,3/4/2023,Tanzania
,Shanda,,,22566,1/16/2023,
326,Vernor,Chevrolet,20,12483,10/19/2023,Tanzania
327,Jerrie,Kia,16,21458,7/2/2023,Uganda
,Dinny,Cadillac,4,10908,12/2/2023,Kenya
329,Kevan,BMW,,19944,11/12/2023,Kenya
,Wes,Toyota,17,,8/15/2023,Uganda
331,Amanda,Maserati,8,13032,4/7/2023,Uganda
,Lyndy,Lincoln,19,21650,3/10/2023,
,Fredericka,Kia,5,12758,7/25/2023,Tanzania
334,Skyler,Ford,9,27912,12/29/2023,Kenya
335,Salvador,,20,15729,11/15/2023,
336,Brocky,Volkswagen,,22546,4/19/2023,Uganda
,Stormie,Cadillac,5,23056,3/19/2023,Kenya
,Hilde,Saturn,,11659,9/18/2023,Tanzania
339,Arlan,,2,21457,8/12/2023,Tanzania
340,Donnajean,,7,26984,6/26/2023,Uganda
341,Fayina,Ford,15,23565,11/16/2023,Uganda
342,Eadmund,Mazda,,25493,11/16/2023,Kenya
343,Shayne,Land Rover,,29411,7/23/2023,Uganda
344,Denney,Pontiac,11,24347,7/25/2023,Uganda
345,Aggy,Toyota,14,28747,6/24/2023,Tanzania
346,Cayla,Mercury,18,20640,4/25/2023,Tanzania
347,Idell,Kia,17,24394,11/15/2023,Kenya
,Dominik,Land Rover,,,9/19/2023,Kenya
,Lazaro,Acura,11,,2/22/2023,Tanzania
,Cthrine,,,,6/7/2023,
351,Amory,,,26594,8/5/2023,Uganda
352,Miquela,GMC,3,24533,4/27/2023,
,Cullen,GMC,14,24889,12/21/2023,Uganda
354,Blondell,,14,28546,10/13/2023,Tanzania
355,Pate,Cadillac,,21206,4/25/2023,Uganda
356,Amelina,Chevrolet,17,,2/15/2023,Tanzania
357,Kamilah,Isuzu,8,,6/25/2023,Kenya
,Jareb,Suzuki,,,4/25/2023,Uganda
359,Rodolfo,Mercedes-Benz,7,27840,7/20/2023,Kenya
,Chrisse,Toyota,20,18704,1/1/2023,Uganda
,Gerty,GMC,,28842,3/28/2023,Tanzania
,Agnes,Chevrolet,17,,6/13/2023,Tanzania
363,Krystal,Kia,,26261,4/2/2023,Kenya
364,Quinn,Chevrolet,9,19767,2/9/2023,
365,Auberta,Pontiac,12,23955,3/30/2023,
366,Clarissa,,2,25786,10/4/2023,Tanzania
367,Drugi,Chevrolet,4,16551,12/1/2023,Tanzania
368,Lyndell,Mercury,,12031,7/4/2023,
,Stace,Chevrolet,19,29308,5/25/2023,
370,Arte,Ford,12,10066,2/5/2023,Kenya
,Woodrow,Dodge,,21170,11/23/2023,Uganda
372,Virgilio,BMW,,26378,1/24/2023,
373,Celine,Alfa Romeo,6,14763,4/14/2023,Tanzania
,Yancey,Ford,20,23122,8/22/2023,Uganda
375,Renata,Jeep,13,16356,5/14/2023,Uganda
,Kally,Dodge,,,11/20/2023,Tanzania
377,Horst,BMW,,15228,6/4/2023,Tanzania
,Earle,,1,22946,2/27/2023,
,Cherey,BMW,14,15112,5/31/2023,Kenya
380,Hewet,Scion,,,7/27/2023,Kenya
381,Alverta,GMC,12,15727,10/1/2023,Uganda
382,Auberta,Merkur,6,20676,12/15/2023,Tanzania
383,Ottilie,Ford,20,13874,10/25/2023,Tanzania
,Murvyn,Mitsubishi,6,,4/8/2023,Tanzania
385,Cortie,Dodge,,14590,12/4/2023,Tanzania
,Damita,,15,27495,3/7/2023,Tanzania
387,Cherice,Buick,,11527,12/13/2023,Tanzania
388,Tessa,,2,24416,3/5/2023,Tanzania
389,Kristien,Mitsubishi,,16179,9/1/2023,Tanzania
390,Melvin,Ford,,,7/9/2023,Kenya
,Jere,,,22323,11/3/2023,Tanzania
,Iggie,,,13090,6/26/2023,Tanzania
,Sibyl,,20,11148,2/5/2023,
394,Cynthia,Acura,,27116,4/28/2023,Tanzania
,Pierre,Lexus,,20360,11/26/2023,Tanzania
,Kirstyn,,20,,4/26/2023,Uganda
397,Davey,BMW,,20411,12/9/2023,
,Aliza,Volkswagen,14,28133,4/9/2023,Tanzania
399,Micheil,Mazda,8,14583,12/21/2023,Uganda
,Marcia,BMW,3,,5/18/2023,Tanzania
401,Barthel,GMC,10,29463,1/31/2023,
402,Wilone,Dodge,9,24367,3/26/2023,Kenya
,Francisco,Nissan,19,14552,7/9/2023,Uganda
404,Clair,Chrysler,,23535,11/10/2023,Uganda
405,Ker,Infiniti,10,27268,7/17/2023,Uganda
,Hazel,GMC,4,14355,8/24/2023,
407,Lizette,Kia,5,,10/16/2023,Uganda
408,Vernice,Honda,,13801,12/10/2023,Uganda
409,Blithe,Ford,,22338,5/29/2023,Tanzania
,Ibbie,Ford,13,24666,6/7/2023,Uganda
411,Mikol,Toyota,19,17364,5/10/2023,Tanzania
412,Aviva,,,21003,2/13/2023,Kenya
413,Adriena,Mitsubishi,15,23689,4/6/2023,Tanzania
414,Teddie,Lexus,9,29550,6/9/2023,Uganda
415,Gabey,Jaguar,,15020,6/29/2023,
416,Ursuline,,18,13108,2/27/2023,
,Maribel,Nissan,,,8/29/2023,Kenya
,Garrot,GMC,3,26606,12/27/2023,Uganda
419,Trescha,Suzuki,14,24547,6/15/2023,Tanzania
420,Nathanael,Subaru,20,18970,6/20/2023,Uganda
,Viki,Buick,,24426,10/19/2023,Kenya
,Ray,,,,2/8/2023,Uganda
423,Lonnard,Plymouth,,14828,1/22/2023,Tanzania
424,Ines,Mitsubishi,1,14695,6/18/2023,Uganda
,Lyda,Audi,,21893,8/5/2023,Kenya
,Merridie,Mercury,4,20774,10/1/2023,Tanzania
427,Geraldine,Suzuki,17,13952,9/1/2023,Uganda
428,Aggy,,,11985,1/27/2023,
429,Harmon,Acura,15,14482,5/28/2023,Uganda
,Wynn,MG,,20186,6/19/2023,
431,Verna,Mazda,8,,11/17/2023,Kenya
,Cyrill,BMW,,,11/1/2023,Tanzania
433,Lisbeth,,14,25965,4/14/2023,Uganda
,Harlan,Pontiac,11,24861,8/8/2023,Tanzania
435,Jacquenette,Pontiac,18,20546,1/1/2023,
436,Zorana,Chevrolet,2,20090,3/27/2023,
,Kimberlee,,3,22232,6/12/2023,Tanzania
438,Ingrid,GMC,,10852,6/6/2023,Uganda
,Julianna,Lexus,,23328,1/9/2023,Kenya
440,Raynard,,16,,11/10/2023,Tanzania
,Webb,Buick,,26670,9/8/2023,
442,Marcella,GMC,,19757,6/10/2023,Tanzania
443,Ashley,Honda,,,11/1/2023,Kenya
,Mead,Jeep,,13670,9/19/2023,Tanzania
,Marlon,,12,27332,4/8/2023,
,Odelia,,,24727,7/9/2023,Tanzania
447,Maddalena,,13,16055,8/11/2023,Tanzania
448,Bernette,Maybach,15,16969,8/21/2023,Tanzania
,Josee,,4,15251,5/16/2023,Uganda
,Danita,Toyota,,26148,1/22/2023,
451,Dame,Hyundai,,24313,1/1/2023,Kenya
452,Kristien,Mazda,11,,11/1/2023,
453,Flor,Acura,,20199,1/14/2023,Tanzania
454,Hamlin,Mitsubishi,7,,2/1/2023,Uganda
455,Maurizia,Mercedes-Benz,1,25292,2/26/2023,Tanzania
456,Ginnie,Lincoln,5,21037,12/20/2023,
457,Tymon,,4,20859,8/13/2023,Tanzania
458,Wilfred,Chevrolet,,26000,7/14/2023,Tanzania
459,Otto,Dodge,19,23245,7/9/2023,Kenya
,Ingaberg,Mitsubishi,,26539,2/14/2023,Uganda
461,Lynett,,,,6/19/2023,Tanzania
,Rhys,,19,19579,5/13/2023,Tanzania
463,Loretta,Nissan,18,24511,12/7/2023,Uganda
464,Rayner,Lincoln,19,12603,1/22/2023,Tanzania
,Bennie,Ford,8,,9/22/2023,Uganda
,Keir,Mercedes-Benz,3,19280,6/5/2023,Kenya
467,Annissa,,,12915,9/5/2023,Tanzania
,Kirby,Ford,,28104,4/11/2023,Tanzania
469,Loni,Lincoln,9,,2/3/2023,Tanzania
470,Ulric,Maserati,4,,9/11/2023,Kenya
,Edythe,Chrysler,,18389,8/11/2023,Kenya
,Carlotta,Mercedes-Benz,18,17551,6/21/2023,Uganda
473,Cate,Dodge,,22597,11/6/2023,Tanzania
474,Caterina,Dodge,,22679,9/19/2023,Uganda
475,Conway,Suzuki,,25431,3/5/2023,Tanzania
,Christoforo,Dodge,7,21232,12/1/2023,Tanzania
477,Sutherlan,Land Rover,12,21433,9/12/2023,Tanzania
,Marvin,Chevrolet,19,21127,6/2/2023,Kenya
479,Marge,Geo,2,26513,3/30/2023,Tanzania
480,Conrade,Mercury,4,27662,7/25/2023,Uganda
481,Davie,Lincoln,,,10/5/2023,Kenya
482,Roxine,Ferrari,11,10035,7/20/2023,
483,Pansie,Volvo,,,8/24/2023,
,Franklin,Dodge,18,27517,2/7/2023,Kenya
,Bronny,Lexus,,,9/11/2023,
486,Meg,,,12810,11/1/2023,Kenya
487,Rani,,,,1/4/2023,
,Chane,Nissan,,25323,11/8/2023,
,Cristal,Mitsubishi,9,25464,2/11/2023,Kenya
,Maxie,Oldsmobile,1,13686,10/4/2023,Tanzania
491,Barbe,Suzuki,,11068,10/4/2023,Tanzania
492,Gilligan,Chevrolet,,,5/5/2023,
493,Ashlee,Acura,6,21837,12/20/2023,Tanzania
494,Padget,Ford,8,18688,2/6/2023,Kenya
,Ray,,,15372,9/8/2023,Tanzania
,Faun,Mazda,18,16485,7/13/2023,Tanzania
497,Denice,Ford,8,20216,3/7/2023,Tanzania
498,Aristotle,BMW,18,,8/7/2023,Tanzania
,Arri,,,23264,7/16/2023,Uganda
,Riobard,,12,24355,10/8/2023,Kenya
,Marla,Lotus,3,10809,7/2/2023,Kenya
502,Susann,Toyota,,17871,11/21/2023,
503,Zoe,Plymouth,5,21739,5/20/2023,
504,Marc,Honda,,23058,6/10/2023,Kenya
505,Thaxter,Mazda,10,24683,9/13/2023,Tanzania
506,Kerwin,Honda,4,24620,11/30/2023,Tanzania
,Padriac,,,24594,11/19/2023,Uganda
,Kai,Dodge,7,11778,8/29/2023,Tanzania
509,Ursulina,Dodge,,,1/7/2023,Tanzania
510,Anna,Mitsubishi,11,17817,4/5/2023,Tanzania
511,Tatiana,,,14350,8/15/2023,Tanzania
512,Trixy,Hyundai,,,5/9/2023,Kenya
,Yancey,,,,1/4/2023,Uganda
,Curtice,Mercedes-Benz,12,,7/18/2023,Kenya
515,Nathanael,Infiniti,4,23552,8/18/2023,Kenya
516,Skippy,Isuzu,19,10626,12/14/2023,Kenya
,Alanson,Mitsubishi,,21684,1/23/2023,Uganda
518,Sergei,Lotus,20,16774,6/19/2023,Tanzania
519,Karlotta,,9,16267,5/24/2023,Tanzania
,Camellia,Mitsubishi,,15433,11/21/2023,Kenya
521,Elly,Mercury,,15472,8/7/2023,Tanzania
522,Sydney,Ford,10,15255,9/24/2023,Tanzania
523,Benoit,Ford,,11556,11/17/2023,Kenya
524,Freda,,18,12024,4/27/2023,Kenya
525,Cherise,Ford,,21948,4/15/2023,Tanzania
526,Nina,,,15136,12/15/2023,Kenya
527,Huntlee,Toyota,9,20637,4/6/2023,
528,Dewie,,,,5/30/2023,Tanzania
,Sile,,,29463,2/19/2023,Tanzania
530,Jakob,Toyota,,,1/4/2023,Tanzania
531,Xylia,,10,15028,9/23/2023,Kenya
,Francoise,,,15010,5/30/2023,Uganda
,Philis,Ford,8,,4/13/2023,Uganda
,Baryram,Nissan,,,6/27/2023,Tanzania
,Harcourt,Mazda,,24231,9/28/2023,Tanzania
,Gael,Ford,8,14771,9/27/2023,
537,Serge,BMW,9,,6/6/2023,Tanzania
538,Melesa,Mercedes-Benz,,13556,3/18/2023,Uganda
,Roselin,GMC,,,2/7/2023,Uganda
540,Dorolice,Nissan,,,5/30/2023,
541,Melissa,Chevrolet,,22837,10/5/2023,Uganda
542,Christoper,Ford,,12112,11/20/2023,
543,Dannel,Dodge,9,12454,1/14/2023,Uganda
544,Minni,Chevrolet,15,,6/22/2023,Kenya
545,Ingrim,,3,,3/4/2023,
546,Maryanna,BMW,7,28826,7/12/2023,Tanzania
547,Maryjane,Lexus,11,10917,5/7/2023,Tanzania
548,Clari,Ford,15,12874,1/26/2023,Uganda
549,Hollie,Volvo,18,22937,9/5/2023,Kenya
,Adriane,Audi,10,,7/6/2023,
551,Joeann,Suzuki,16,18758,5/6/2023,
552,Lenna,Infiniti,1,26627,3/4/2023,Tanzania
553,Daisey,,4,17642,9/13/2023,
554,Peri,Ferrari,12,19816,2/1/2023,Uganda
555,Caterina,,4,11084,8/17/2023,Uganda
556,Elwyn,Hyundai,10,28183,8/3/2023,Uganda
557,Ashia,,4,22499,3/17/2023,
558,Cele,Mercedes-Benz,2,20760,10/6/2023,Kenya
559,Danell,,8,16543,1/11/2023,Tanzania
560,Ursulina,,2,15763,8/25/2023,Uganda
,Gertrudis,Plymouth,,18048,8/26/2023,Kenya
562,Kristy,Nissan,6,,1/21/2023,
,Dilan,Chevrolet,3,23029,11/2/2023,Uganda
564,Reeta,,,12697,9/1/2023,Uganda
,Tiffie,Chevrolet,16,16251,5/29/2023,Tanzania
566,Nola,,11,21528,6/28/2023,Tanzania
567,Micheil,Audi,,13834,11/3/2023,Tanzania
568,Odella,Mitsubishi,,,5/2/2023,Uganda
569,Janenna,Hummer,,17248,8/22/2023,Uganda
570,Merrick,Mercury,1,20241,10/23/2023,
571,Ivette,Buick,10,17515,2/16/2023,Uganda
572,Zondra,GMC,5,13138,4/14/2023,Tanzania
,Chickie,Spyker,18,,5/31/2023,
,Toma,Volvo,3,14367,8/28/2023,Tanzania
575,Fanchon,Isuzu,,,10/20/2023,Tanzania
,Filberto,Infiniti,,24488,4/22/2023,Uganda
577,Gena,Chevrolet,,11313,3/30/2023,Uganda
578,Lance,Volkswagen,,23690,3/22/2023,
579,Glori,Honda,,21897,12/26/2023,
580,Natka,Ford,18,29763,12/23/2023,
581,Elijah,,,21012,5/31/2023,Tanzania
582,Lisabeth,Jaguar,20,15434,4/21/2023,Kenya
,Verina,,15,27735,10/15/2023,Tanzania
584,Dee dee,Toyota,8,26063,12/17/2023,Uganda
585,Madelena,Plymouth,,29167,7/25/2023,Kenya
,Kathe,Nissan,7,,12/28/2023,Kenya
587,Kris,Nissan,9,16052,11/12/2023,Kenya
,Zora,Plymouth,19,27427,5/6/2023,
589,Thibaud,Mazda,5,28422,4/12/2023,Uganda
590,Fred,Nissan,20,27948,1/26/2023,Kenya
591,Colette,Chevrolet,,24049,3/21/2023,
592,Louis,Plymouth,16,,2/15/2023,Tanzania
,Lyndy,Pontiac,13,16473,9/23/2023,Tanzania
,Consuelo,Infiniti,,24261,7/21/2023,Kenya
,Katey,Pontiac,,25714,7/8/2023,Tanzania
596,Amble,Chevrolet,20,25856,8/7/2023,Kenya
,Erica,Mercedes-Benz,,22967,9/6/2023,Kenya
598,Vanna,Ford,,15509,1/30/2023,Tanzania
,Lonnie,Nissan,15,19297,10/19/2023,Kenya
600,Lexine,Chevrolet,19,22097,7/7/2023,Tanzania
601,Honoria,Jeep,,21448,4/9/2023,Uganda
602,Fair,Toyota,5,,2/8/2023,Uganda
603,Georgiana,Mercedes-Benz,8,17377,1/19/2023,Kenya
604,Sheppard,Ford,1,13381,9/30/2023,
605,Elsey,Spyker,,14667,3/1/2023,
,Melissa,,2,,7/20/2023,Tanzania
607,Editha,Buick,16,27590,2/4/2023,Uganda
,Kikelia,Ford,3,,7/22/2023,Uganda
609,Kathrine,Pontiac,9,26502,10/2/2023,Uganda
610,Jon,Geo,,26963,9/10/2023,Tanzania
611,Cherlyn,Lexus,17,,12/11/2023,Kenya
612,Forester,Chevrolet,19,25879,11/4/2023,
,Josee,Mitsubishi,4,24923,11/23/2023,
614,Abdel,,13,21230,2/13/2023,Kenya
615,Benoit,Lexus,,19425,8/10/2023,Tanzania
616,Vivienne,Honda,9,13668,1/21/2023,
617,Rafi,Ford,1,20573,9/21/2023,Kenya
,Sammy,Subaru,4,27557,8/21/2023,Uganda
619,Jean,Buick,,10081,7/1/2023,Tanzania
620,Dario,Audi,,20481,11/7/2023,
,Ferris,Hyundai,,25224,12/25/2023,Tanzania
622,Philomena,Audi,,19904,12/27/2023,Uganda
,Lazar,GMC,,10999,4/12/2023,Tanzania
624,Wilmar,BMW,,11683,4/5/2023,Tanzania
625,Franciskus,GMC,2,,8/3/2023,Kenya
626,Niles,,16,,12/23/2023,Uganda
627,Sheilah,,,,10/10/2023,Uganda
628,Jose,Chevrolet,17,,1/4/2023,Kenya
,Peggie,Suzuki,,10642,12/11/2023,
,Moe,BMW,,25106,1/20/2023,Kenya
631,Kelley,Acura,19,18087,11/17/2023,Uganda
632,Roderic,Mitsubishi,,,9/17/2023,
,Izabel,,,23584,7/7/2023,
634,Ryann,Hyundai,,27666,10/3/2023,Kenya
,Ambrose,Mazda,17,11250,1/25/2023,
636,Carlina,Cadillac,,28761,4/13/2023,Uganda
,Broddy,,,13659,6/28/2023,
638,Meridith,Kia,9,11476,5/2/2023,
,Maxy,Honda,,25978,3/27/2023,Tanzania
640,Reine,,1,18918,5/8/2023,Uganda
641,Alvis,,8,12755,11/12/2023,Tanzania
642,Rosetta,Infiniti,,14947,5/28/2023,Kenya
643,Christa,Ford,6,10979,11/18/2023,Tanzania
,Janeczka,,,18233,10/1/2023,Uganda
,Ricoriki,,9,25831,9/8/2023,Kenya
646,Syman,Chevrolet,,,3/30/2023,Tanzania
647,Hughie,Hyundai,,,7/21/2023,Uganda
648,Christos,,7,24864,5/28/2023,Kenya
,Fleur,Mercedes-Benz,1,,11/10/2023,Uganda
650,Jeniece,Kia,,,4/27/2023,Tanzania
,Andeee,Infiniti,8,15639,8/27/2023,Tanzania
652,Ruddy,,9,11825,5/14/2023,
,Doyle,Jaguar,,22772,10/21/2023,Uganda
,Margaretha,,,22442,5/17/2023,Kenya
655,Barnaby,Lexus,,26445,8/21/2023,Uganda
656,Agata,Dodge,,10835,1/26/2023,Kenya
657,Cassy,Dodge,,14845,10/11/2023,
658,Renado,Subaru,,,2/7/2023,Kenya
659,Marilyn,,,,10/25/2023,
660,Damien,Mercedes-Benz,,29571,9/16/2023,Kenya
661,Arman,Dodge,15,25248,8/9/2023,Kenya
662,Brooks,,20,26280,9/14/2023,Kenya
663,Merwyn,Nissan,3,13729,7/27/2023,
,Shannah,,14,18202,2/25/2023,
,Tobe,Chevrolet,,23681,9/19/2023,Kenya
666,Clemmie,MINI,10,,3/31/2023,Uganda
,Bernard,Toyota,4,16894,4/26/2023,Tanzania
668,Engracia,,,,10/4/2023,Kenya
,Shelba,Volkswagen,,29339,7/24/2023,
670,Marci,Porsche,9,,12/17/2023,Kenya
671,Charlton,Chevrolet,,28172,3/30/2023,
,Arvy,Isuzu,8,,9/16/2023,Uganda
673,Tobey,Suzuki,6,,5/19/2023,
674,Garrard,Volkswagen,,12724,2/23/2023,Tanzania
675,Cazzie,Isuzu,20,10671,1/17/2023,Tanzania
676,Ludvig,Lincoln,7,10400,5/13/2023,Tanzania
677,Basil,,19,11841,5/21/2023,Tanzania
678,Brucie,Ford,6,26658,1/29/2023,Uganda
679,Colas,Ford,1,18819,4/3/2023,
,Edgar,Mitsubishi,,29601,2/14/2023,
,Pieter,Mercury,12,28420,9/16/2023,Tanzania
682,Farand,Mazda,5,11751,8/26/2023,Kenya
683,Lacey,Honda,,23835,2/1/2023,
684,Carole,Volvo,,15523,5/19/2023,
685,Stanislaw,,,22612,6/28/2023,Tanzania
686,Aggie,Kia,1,29111,8/22/2023,Uganda
687,Dorris,Toyota,,28934,1/1/2023,
,Emmey,Cadillac,3,,9/11/2023,
,Esmaria,,11,14831,4/21/2023,Kenya
,Lark,Chevrolet,17,25357,6/12/2023,
,Timi,Chevrolet,6,21190,3/12/2023,
692,Renelle,,1,24142,10/3/2023,Tanzania
,Nariko,Mercury,11,27793,8/21/2023,Kenya
694,Job,Dodge,17,,10/28/2023,Uganda
695,Halimeda,Audi,,18952,3/30/2023,
696,Simmonds,Volkswagen,13,19596,7/14/2023,
697,Gayelord,BMW,,10457,7/10/2023,Tanzania
698,Philippa,Jeep,,,2/12/2023,Uganda
699,Petunia,,17,21930,4/23/2023,Uganda
,Dino,,,,2/14/2023,
,Ethelred,Chevrolet,,,9/16/2023,
,Hilde,Ford,,21469,9/3/2023,Tanzania
703,Elmore,Honda,,,5/29/2023,Uganda
,Jenelle,Honda,17,15719,7/3/2023,Tanzania
705,Reece,,20,,9/4/2023,Kenya
,Terese,Maybach,,16709,11/24/2023,Tanzania
707,Gerardo,Peugeot,,,5/6/2023,
708,Hyacinthia,,,25163,10/9/2023,Tanzania
,Maryann,,19,16232,6/18/2023,Kenya
710,Andee,Jeep,,,5/24/2023,Uganda
711,Celestyn,BMW,1,,3/2/2023,
712,Caz,,8,,7/5/2023,Uganda
713,Tomkin,,2,26855,5/18/2023,Tanzania
714,Jacquelin,GMC,19,20598,8/11/2023,
715,Perl,,,19775,3/3/2023,Kenya
716,Celisse,Mercury,,27960,9/9/2023,Tanzania
717,Joete,Plymouth,11,27738,5/22/2023,Tanzania
718,Evania,Hyundai,20,11792,6/4/2023,Kenya
719,Griz,Ford,,,9/27/2023,Tanzania
720,Piotr,GMC,,12537,4/8/2023,Kenya
,Shaine,Dodge,19,24805,7/2/2023,Kenya
722,Skell,Volkswagen,,,12/5/2023,Uganda
723,Milty,,17,18351,12/1/2023,Kenya
724,Augustine,Hyundai,,21874,6/6/2023,Tanzania
725,Nancie,Ford,11,,7/15/2023,Tanzania
726,Cassandre,Pontiac,4,27190,3/10/2023,
,Skipton,Dodge,9,23039,1/28/2023,Tanzania
728,Prince,Lexus,13,21424,1/12/2023,Uganda
729,Sylas,,17,17608,6/21/2023,
730,Petronella,,,19024,8/25/2023,
731,Goddart,Toyota,,12657,2/20/2023,Kenya
732,Codi,Porsche,5,15506,9/27/2023,Uganda
733,Dillie,Pontiac,,,1/17/2023,Kenya
,Elvera,Nissan,,16275,3/16/2023,Tanzania
735,Petunia,Dodge,,16485,11/16/2023,Uganda
736,Bria,Acura,14,22079,1/8/2023,Kenya
737,Ben,,12,18104,7/22/2023,
738,Ty,Mazda,3,21765,3/19/2023,Uganda
739,Ganny,,15,10607,8/31/2023,Tanzania
,Vyky,Hyundai,6,11976,8/3/2023,Tanzania
,Vikky,,,14742,6/10/2023,
,Jeremias,Toyota,12,26498,10/5/2023,Uganda
743,Jessi,GMC,10,11877,7/26/2023,Tanzania
744,Danya,,17,12379,6/29/2023,Uganda
,Timothea,,,14585,7/5/2023,Tanzania
,Etienne,,6,,6/27/2023,Tanzania
747,Harriette,,1,18475,4/30/2023,Uganda
748,Aimee,Chevrolet,,,10/10/2023,Uganda
749,Cleon,Mazda,15,,2/14/2023,Kenya
750,Gabbie,BMW,4,14134,7/18/2023,Kenya
,Worth,BMW,,10786,9/2/2023,Uganda
752,Madalyn,Mercedes-Benz,3,,11/19/2023,Kenya
,Cindi,Dodge,16,20635,12/22/2023,
,Mahmud,GMC,,19383,1/24/2023,
755,Darren,,,19447,2/6/2023,
,Giralda,Jeep,10,,12/29/2023,Uganda
757,Roby,Ford,,14817,4/2/2023,Tanzania
758,Birdie,,3,11917,11/18/2023,Tanzania
759,Vallie,Acura,,27883,11/9/2023,Kenya
760,Mala,,7,17289,4/12/2023,
761,Emmy,Dodge,18,,7/21/2023,Tanzania
762,Mill,Ford,,13232,5/19/2023,Uganda
763,Wilfrid,Chevrolet,,20980,9/14/2023,Kenya
764,Ange,,,,9/20/2023,Tanzania
,Rudyard,Mercury,20,17039,9/12/2023,Tanzania
766,Aldrich,Toyota,,29529,7/30/2023,
,Crystie,Chevrolet,,23047,3/23/2023,Kenya
768,Norry,,5,19059,1/26/2023,Tanzania
,Desmund,,20,,11/7/2023,Tanzania
770,Jamison,,15,13841,10/10/2023,Uganda
771,Janna,Ford,,17693,6/18/2023,Uganda
,Blithe,,,19848,12/14/2023,
773,Timmy,Chevrolet,,11531,10/21/2023,Tanzania
,Christoforo,Buick,18,,4/2/2023,Kenya
775,Josi,Jeep,9,26567,11/4/2023,Uganda
776,Cyrillus,Ford,,28291,2/19/2023,Kenya
777,Booth,Subaru,,21496,7/8/2023,Tanzania
778,Laurens,,,29420,3/20/2023,Kenya
,Nelli,Volkswagen,,10355,8/5/2023,
780,Haleigh,Chevrolet,15,13951,12/30/2023,Uganda
781,Barry,Ford,9,16013,10/26/2023,Kenya
,Jere,Subaru,3,12718,9/5/2023,Uganda
,Fonsie,,18,20951,12/20/2023,Kenya
784,Clemmie,Cadillac,19,20620,4/14/2023,Uganda
,Hamilton,Mercury,9,10992,4/7/2023,Uganda
786,Gabriele,,10,27839,3/26/2023,Tanzania
787,Sibel,Dodge,1,25735,5/25/2023,Tanzania
,Louella,Nissan,,14495,7/30/2023,Kenya
789,Kalil,Dodge,10,29106,8/8/2023,
,Windy,,,23975,2/15/2023,Tanzania
,Jeromy,Kia,4,22440,2/25/2023,Tanzania
792,Eugenius,,,22013,3/8/2023,Uganda
,Teri,,,20052,11/14/2023,Uganda
794,Perry,Pontiac,,,12/28/2023,Kenya
795,Bianca,Mazda,6,21668,11/21/2023,
796,Ivory,Jaguar,,,2/3/2023,Tanzania
797,Stevie,Chevrolet,3,24315,1/21/2023,Uganda
,Tobit,MINI,,,4/26/2023,Tanzania
,Bettina,Chevrolet,7,28658,6/26/2023,Uganda
800,Lizzy,Chevrolet,15,16173,2/11/2023,Uganda
801,Gusella,,,,5/29/2023,Uganda
802,Remus,Chevrolet,18,10870,5/3/2023,Tanzania
803,Giselle,Toyota,20,10410,1/6/2023,Uganda
804,Chrysler,Aston Martin,5,25163,5/30/2023,Tanzania
,Granger,Subaru,,28820,5/4/2023,Uganda
806,Jamie,,5,25072,6/15/2023,Uganda
807,Konstantin,Dodge,4,,2/28/2023,Uganda
808,Ingunna,Mercury,8,,10/10/2023,Tanzania
809,Abbott,Suzuki,,23828,8/23/2023,Tanzania
810,Emile,Jensen,,,2/6/2023,Tanzania
,Hughie,Toyota,1,17266,11/9/2023,
812,Sandi,Nissan,8,18067,5/28/2023,Tanzania
813,Pip,Volkswagen,15,10390,1/23/2023,Tanzania
814,Hayley,,17,,9/23/2023,Tanzania
,Marieann,GMC,,,5/24/2023,Kenya
816,Meghan,Kia,10,,9/1/2023,Uganda
817,Fitz,Volvo,,,10/4/2023,Tanzania
818,Karola,Mercury,,26933,6/13/2023,Tanzania
819,Tiena,,8,28546,7/17/2023,Uganda
820,Ingra,,5,17641,3/18/2023,Tanzania
821,Tomaso,,6,26265,3/22/2023,
822,Margareta,Chevrolet,2,26047,8/13/2023,Tanzania
823,Maryanne,Porsche,1,24012,3/30/2023,Kenya
824,Agosto,,,15806,7/16/2023,Kenya
825,Vladamir,Ford,,22882,12/30/2023,Tanzania
826,Easter,Mercedes-Benz,,14496,8/11/2023,Tanzania
827,Beatrice,Eagle,,24976,4/19/2023,Tanzania
828,Robbie,Ford,,,8/18/2023,Tanzania
829,Phillie,BMW,,14263,4/24/2023,Tanzania
830,Hedvige,Ford,16,19876,4/19/2023,Tanzania
831,Dosi,Mitsubishi,9,,4/30/2023,
832,Concettina,Mercedes-Benz,14,11243,7/3/2023,Tanzania
833,Whitman,Audi,,22689,2/25/2023,Uganda
,Lillian,Mitsubishi,18,,12/10/2023,
835,Berthe,Honda,8,13757,12/11/2023,Kenya
836,Edan,,7,24709,11/8/2023,
837,Brody,Toyota,4,12144,10/21/2023,Tanzania
838,Inna,,5,11281,7/17/2023,Tanzania
839,Maddy,Ford,9,24303,12/26/2023,Tanzania
840,Wolfie,Audi,12,22622,11/27/2023,Tanzania
,Vidovik,Volvo,17,18701,7/13/2023,Tanzania
842,Sheffy,Buick,9,10542,1/28/2023,
843,Gonzales,Ford,8,24605,2/16/2023,Uganda
844,Quinta,Ford,,26791,7/16/2023,
845,Carlynn,Pontiac,,22490,3/4/2023,Uganda
846,Leena,Lexus,,,8/11/2023,Tanzania
847,Cornall,Ford,7,20199,6/12/2023,Uganda
,Kaine,Saab,8,28765,1/15/2023,Kenya
849,Bel,Porsche,6,29705,4/1/2023,
,Bettine,Mercedes-Benz,,,8/10/2023,Tanzania
,Margarethe,GMC,19,21338,7/28/2023,Kenya
852,Garold,Chevrolet,,13759,6/13/2023,Tanzania
853,Jaquenetta,Jaguar,,26974,6/16/2023,Kenya
,Emmet,Chevrolet,10,,3/23/2023,Uganda
855,Kennedy,Mitsubishi,,23714,10/27/2023,
,Tripp,,,29662,10/2/2023,Uganda
,Hazlett,GMC,4,17759,9/13/2023,Uganda
858,Celinka,Dodge,,11941,5/19/2023,Kenya
859,Shannen,Chevrolet,,15539,5/10/2023,Uganda
860,Randene,Chevrolet,,16088,6/10/2023,Kenya
,Reinold,,15,20603,2/17/2023,Uganda
,Edan,,,22208,10/28/2023,Uganda
863,Francklin,,9,12539,1/11/2023,Kenya
864,Mervin,Infiniti,19,,4/24/2023,Kenya
,Elwood,Infiniti,,,5/21/2023,
866,Rudiger,Suzuki,5,18545,6/13/2023,Uganda
,Shelton,Jeep,18,,6/22/2023,Kenya
,Amandi,Mercury,2,22191,7/28/2023,Kenya
869,Gothart,BMW,6,16725,10/9/2023,Kenya
870,Helen,Volkswagen,8,,6/4/2023,Kenya
871,Rab,,19,28393,4/26/2023,Tanzania
872,Markus,Lincoln,,,5/10/2023,Kenya
873,Colline,,15,18746,1/6/2023,Tanzania
874,Berta,Audi,7,22510,12/16/2023,
875,Brendon,Ford,,,1/8/2023,Kenya
,Jessika,Kia,,26041,11/15/2023,Tanzania
877,Consuela,Toyota,10,16954,2/21/2023,Uganda
878,Noe,Volkswagen,13,20574,10/20/2023,Kenya
,Kristo,Mercury,11,,9/22/2023,Uganda
,Fairlie,,8,19651,12/14/2023,
,Laurie,Nissan,6,10692,5/22/2023,
,Natka,Mazda,,18381,5/11/2023,Kenya
,Kylynn,Mercedes-Benz,,19760,10/12/2023,Kenya
884,Burlie,Rambler,,16472,5/5/2023,Uganda
885,Electra,Mitsubishi,3,,3/14/2023,
886,Latashia,Toyota,13,28850,3/14/2023,Kenya
887,Steffi,Jeep,,26771,1/14/2023,Uganda
888,Rozanne,Buick,17,21565,11/9/2023,Tanzania
889,Valli,Bentley,3,18999,10/7/2023,
890,Keelby,Lexus,9,27711,3/29/2023,Uganda
891,Yevette,,,13474,7/1/2023,Tanzania
,Thaine,Suzuki,18,15770,6/24/2023,Kenya
893,Bernadene,Chevrolet,2,27334,9/22/2023,Tanzania
894,Oby,Mitsubishi,,,5/12/2023,Uganda
895,Cass,Audi,8,19443,5/21/2023,Uganda
,Ninnette,Acura,8,20060,9/6/2023,Uganda
,Mallorie,,2,16970,2/23/2023,Uganda
898,Ricoriki,,11,,9/24/2023,Tanzania
899,Marlo,,,24839,6/25/2023,Tanzania
,Vinson,,,14692,10/26/2023,Kenya
901,Demetri,Pontiac,,13762,10/18/2023,Tanzania
902,Malena,Ford,,22724,12/22/2023,Kenya
,Anders,Mitsubishi,,27835,8/5/2023,Tanzania
,Margret,Chevrolet,6,23389,8/18/2023,Tanzania
905,Maximilianus,Ford,17,20560,11/29/2023,
,Sherlocke,Ford,7,24461,1/1/2023,Tanzania
907,Hans,,,13911,2/22/2023,Tanzania
908,Shaylyn,Buick,16,,5/2/2023,Uganda
909,Halley,GMC,5,10624,7/16/2023,Tanzania
910,Jethro,Mercury,,26983,7/18/2023,Uganda
911,Christi,,,20207,4/18/2023,Tanzania
912,Frankie,Chevrolet,17,16535,5/18/2023,
913,Daron,Infiniti,,11646,9/6/2023,Kenya
914,Aviva,Suzuki,,25514,5/24/2023,Tanzania
915,Leighton,Honda,5,13641,10/26/2023,Kenya
916,Kipper,Mercury,16,22635,5/13/2023,Kenya
917,Della,Chrysler,1,13275,5/20/2023,Uganda
918,Jody,Lotus,7,13403,9/27/2023,Kenya
919,Lynelle,Mitsubishi,,,9/29/2023,Tanzania
920,Averil,,15,29641,7/26/2023,
,Angus,,5,,10/10/2023,Uganda
922,Sherry,Toyota,18,15646,1/19/2023,Uganda
923,Farah,Chrysler,,11196,6/29/2023,Tanzania
924,Rana,Scion,12,,6/17/2023,Kenya
,Hilliary,,7,28006,2/14/2023,Tanzania
926,Saunder,Subaru,2,19879,4/15/2023,
927,Vern,Saturn,18,24496,1/15/2023,Tanzania
928,Rayna,,3,10762,8/1/2023,
929,Myrvyn,,,,8/28/2023,
,Ignazio,GMC,20,,1/23/2023,Uganda
931,Gregorio,,2,22255,3/3/2023,Tanzania
932,Ralina,Honda,18,12384,6/26/2023,Tanzania
933,Rheba,Ford,,,3/5/2023,Kenya
934,Paulette,Ford,11,17212,7/15/2023,Kenya
935,Jacquelynn,,,,5/11/2023,Tanzania
936,Jeni,,,22471,1/1/2023,Uganda
937,Fulvia,,9,27782,12/15/2023,Tanzania
938,Joela,Dodge,,,3/4/2023,Uganda
939,Teodoor,Lotus,,16725,4/28/2023,Uganda
940,Cletus,Ford,2,27599,9/24/2023,Tanzania
941,Roxie,GMC,,22683,4/18/2023,
942,Brannon,Hyundai,6,,1/19/2023,Tanzania
943,Ely,Ford,11,26661,1/17/2023,Kenya
944,Bondon,,,11767,1/4/2023,
,Robert,Jaguar,9,27214,7/2/2023,Tanzania
946,Iris,Kia,19,22814,1/31/2023,Kenya
,Nev,,6,24599,6/16/2023,Tanzania
,Yalonda,Plymouth,19,29582,1/8/2023,Tanzania
,Barbra,Toyota,,19246,3/16/2023,Kenya
,Linea,Infiniti,17,10984,6/8/2023,Tanzania
,Tom,,5,17926,8/16/2023,Kenya
,Amble,Jaguar,12,19065,2/13/2023,Tanzania
953,Nelli,Saab,,22396,1/25/2023,Tanzania
954,Elia,Volkswagen,7,28643,11/16/2023,Uganda
,Finley,Honda,3,22962,9/8/2023,Tanzania
,Ellissa,Austin,9,26945,10/23/2023,Uganda
957,Jaquenetta,,11,13412,7/25/2023,Tanzania
958,Cullie,Infiniti,13,13565,5/30/2023,Tanzania
,Kelsey,Chevrolet,16,15641,9/16/2023,Tanzania
,Kinnie,Saturn,,12536,4/10/2023,
961,Hatti,Hummer,20,16352,9/16/2023,Tanzania
962,Clement,Honda,6,,2/3/2023,
,Frazer,Dodge,15,,5/14/2023,Tanzania
964,Dominik,Pontiac,1,,12/24/2023,Tanzania
965,Selma,Subaru,,19384,3/1/2023,Tanzania
966,Fawne,,,,5/30/2023,Uganda
967,Ivette,,,23800,12/3/2023,Tanzania
968,Lena,,,15134,1/17/2023,
,Libbey,Mercedes-Benz,15,10243,10/29/2023,Kenya
970,Lorant,Toyota,11,,4/8/2023,Tanzania
971,Rudiger,Porsche,19,10912,3/29/2023,Tanzania
972,Opaline,Ford,11,16895,3/7/2023,Tanzania
,Ulrika,Hyundai,10,18337,4/18/2023,Uganda
974,Karlens,Mercury,14,28528,2/16/2023,
975,Nadean,Mercedes-Benz,,12719,7/17/2023,Tanzania
,Clark,Eagle,6,,11/4/2023,Uganda
,Jorge,Pontiac,,14469,3/29/2023,Tanzania
,Hagen,Honda,14,22039,5/7/2023,
979,Tedmund,Chevrolet,,26898,4/9/2023,Tanzania
980,Laurens,Audi,,18846,4/7/2023,Tanzania
,Stafani,Mitsubishi,,20437,11/26/2023,Uganda
982,Sylvester,,19,24609,5/22/2023,Tanzania
,Marlo,Infiniti,1,12026,6/28/2023,Uganda
984,Dore,Audi,,24578,10/1/2023,
985,Virginie,Ford,,,2/1/2023,Tanzania
,Linoel,Hyundai,3,15500,2/20/2023,Uganda
987,Clare,Ford,4,29893,4/21/2023,Tanzania
988,Oberon,Hyundai,18,,12/22/2023,Kenya
,Baird,Isuzu,2,29445,5/22/2023,Tanzania
,Norton,Land Rover,,10288,1/13/2023,Kenya
991,Lilyan,Aston Martin,,11269,2/24/2023,Tanzania
,Harvey,Volkswagen,,,11/14/2023,Kenya
993,Nev,Chevrolet,2,21421,2/15/2023,Tanzania
994,Arden,,5,,10/11/2023,Kenya
995,Barnett,,8,29621,8/24/2023,Kenya
996,Mannie,,,29521,7/12/2023,Kenya
997,Shara,Dodge,8,25136,11/3/2023,Kenya
,Inigo,,13,11794,8/1/2023,Uganda
,Georgine,Dodge,14,18258,6/11/2023,
1000,Hermione,Cadillac,3,27354,8/3/2023,Tanzania
